n_components,smiles_1,smiles_2,ratio_1,ratio_2,tg
2,C=CC(=O)OCCCCCC,C=CC(=O)OCCCCCC,0.5,0.5,216.0
2,CC(C)(c1ccc(OCC2CO2)cc1)c1ccc(OCC2CO2)cc1,CC1(C)CC(N)CC(C)(CN)C1,0.666667,0.333333,428.0
2,Oc1ccc(-c2ccc(O)cc2)cc1,O=S(=O)(c1ccc(Br)cc1)c1ccc(Br)cc1,0.5,0.5,493.0
2,O=C(Cl)Cl,CC(C)C(c1ccc(O)cc1)c1ccc(O)cc1,0.5,0.5,422.0
2,C=C(C)C(=O)OCC(C)O,C=C(C)C(=O)OCC(C)O,0.5,0.5,349.0
2,Oc1cccc(O)c1,Oc1cccc(O)c1,0.5,0.5,318.0
2,C=C(C#N)C(=O)OC,C=C(C#N)C(=O)OC,0.5,0.5,433.0
2,C=Cc1ccc(C(C)C)cc1,C=Cc1ccc(C(C)C)cc1,0.5,0.5,360.0
2,CC(C)(c1ccc(OCC2CO2)cc1)c1ccc(OCC2CO2)cc1,CC(N)COCC(C)OCC(C)OCC(C)OCC(C)OCC(C)OCC(C)N,0.666667,0.333333,328.0
2,C=Cc1ccc(Cl)c(Cl)c1Cl,C=Cc1cc(Cl)c(Cl)c(Cl)c1,0.5,0.5,418.0
2,CC(C)(c1ccc(O)cc1)c1ccc(O)cc1,O=S(=O)(c1ccc(Br)cc1)c1ccc(Br)cc1,0.5,0.5,458.0
2,C=C(C)C(=O)Oc1ccccc1,C=C(C)C(=O)Oc1ccccc1,0.5,0.5,393.0
2,CC(C)(c1ccc(OCC2CO2)cc1)c1ccc(OCC2CO2)cc1,Cc1cc(Cc2cc(C)c(N)c(C)c2)cc(C)c1N,0.666667,0.333333,438.0
2,C=Cc1ccc(OCCC(C)C)cc1,C=Cc1ccc(OCCC(C)C)cc1,0.5,0.5,330.0
2,Nc1ccc(-c2ccc(N)c(N)c2)cc1N,O=C(C(=O)c1ccc(C(=O)C(=O)c2ccccc2)cc1)c1ccccc1,0.5,0.5,645.0
2,C=COC(C)CC,C=COC(C)CC,0.5,0.5,253.0
2,C=CC(F)(F)C(F)(F)C(F)(F)F,C=CC(F)(F)C(F)(F)C(F)(F)F,0.5,0.5,331.0
2,Cc1ccc([Si]2(c3ccc(C)cc3)CCC2)cc1,Cc1ccc([Si]2(c3ccc(C)cc3)CCC2)cc1,0.5,0.5,311.0
2,Nc1cccc(C(=O)c2cccc(N)c2)c1,O=C(c1ccc2c(c1)C(=O)OC2=O)c1ccc2c(c1)C(=O)OC2=O,0.5,0.5,513.0
2,C=CC(=O)OCCCCCCC,C=CC(=O)OCCCCCCC,0.5,0.5,213.0
2,C=Cc1cc(Cl)ccc1Cl,C=Cc1cc(Cl)ccc1Cl,0.5,0.5,393.0
2,C=Cc1c(F)c(F)c(F)c(F)c1F,C=Cc1c(F)c(F)c(F)c(F)c1F,0.5,0.5,378.0
2,C=C(C)C(=O)OCCO,C=C(C)C(=O)OCCO,0.5,0.5,359.0
2,C=C(C)C(=O)OCCOC,C=C(C)C(=O)OCCOC,0.5,0.5,293.0
2,Nc1ccc(S(=O)(=O)c2ccc(N)cc2)cc1,c1cc(OCC2CO2)cc(OCC2CO2)c1,0.333333,0.666667,429.0
2,C[Si](C1CCCCC1)=[Si](C)C1CCCCC1,C[Si](C1CCCCC1)=[Si](C)C1CCCCC1,0.5,0.5,366.0
2,Nc1cccc(C(=O)c2cccc(N)c2)c1,O=C1OC(=O)c2cc(Oc3ccc(Sc4ccc(Oc5ccc6c(c5)C(=O)OC6=O)cc4)cc3)ccc21,0.5,0.5,473.0
2,C[Si]1(c2ccccc2)CCC1,C[Si]1(c2ccccc2)CCC1,0.5,0.5,243.0
2,Oc1cccc([Si](O)(c2ccccc2)c2ccccc2)c1,Oc1cccc([Si](O)(c2ccccc2)c2ccccc2)c1,0.5,0.5,331.0
2,C=c1ccc(=C)cc1,C=c1ccc(=C)cc1,0.5,0.5,333.0
2,C=COC(=O)CC,C=COC(=O)CC,0.5,0.5,283.0
2,NCCNCCN,c1cc(OCC2CO2)ccc1OCC1CO1,0.285714,0.714286,375.0
2,C=Cc1ccccc1CO,C=Cc1ccccc1CO,0.5,0.5,433.0
2,O=C(O)c1ccc(OCCO)cc1,O=C(O)c1ccc(OCCO)cc1,0.5,0.5,355.0
2,C=CC(=O)OC,C=CC(=O)OC,0.5,0.5,281.0
2,C=CCC,C=CCC,0.5,0.5,228.0
2,C=COC(=O)CCC,C=COC(=O)CCC,0.5,0.5,278.0
2,C=Cc1cc(C)cc(C)c1,C=Cc1cc(C)cc(C)c1,0.5,0.5,377.0
2,Nc1ccc(Oc2ccc(N)cc2)cc1,O=c1oc(=O)c2cc3c(=O)oc(=O)c3cc12,0.5,0.5,672.0
2,CC1CS1,CC1CS1,0.5,0.5,226.0
2,CC(C)(c1ccc(OCC2CO2)cc1)c1ccc(OCC2CO2)cc1,NCCCCCCCCCCCCN,0.666667,0.333333,368.0
2,C=CC(F)(F)C(F)(F)F,C=CC(F)(F)C(F)(F)F,0.5,0.5,314.0
2,C=C(Cl)C(=O)OC(C)C,C=C(Cl)C(=O)OC(C)C,0.5,0.5,363.0
2,C=CCl,C=CCl,0.5,0.5,348.0
2,C=COCCCCCC,C=COCCCCCC,0.5,0.5,209.0
2,C=COCCCCCCCCCC,C=COCCCCCCCCCC,0.5,0.5,197.0
2,C=CC(C)C,C=CC(C)C,0.5,0.5,323.0
2,CC(C)(c1ccc(O)cc1)c1cc(Cl)c(OC(=O)O)c(Cl)c1,CC(C)(c1ccc(O)cc1)c1cc(Cl)c(OC(=O)O)c(Cl)c1,0.5,0.5,459.0
2,NCCCCCCCCC(=O)O,NCCCCCCCCC(=O)O,0.5,0.5,324.0
2,O=C(Cl)Cl,Oc1ccc(Sc2ccc(O)cc2)cc1,0.5,0.5,388.0
2,C=Cc1ccc(COCCCCCC)cc1,C=Cc1ccc(COCCCCCC)cc1,0.5,0.5,278.0
2,C=Cc1cccc(Cl)c1,C=Cc1cccc(Cl)c1,0.5,0.5,363.0
2,O=CC(=O)c1ccc(C(=O)C=O)cc1,Nc1ccc(-c2ccc(N)c(N)c2)cc1N,0.5,0.5,649.0
2,Nc1cccc(N)c1,CC(C)(c1ccc(Oc2ccc3c(c2)C(=O)OC3=O)cc1)c1ccc(Oc2ccc3c(c2)C(=O)OC3=O)cc1,0.5,0.5,493.0
2,C=CC(=O)O,C=CC(=O)O,0.5,0.5,379.0
2,C=Cc1ccc(CCCC)cc1,C=Cc1ccc(CCCC)cc1,0.5,0.5,279.0
2,C=c1ccc(=C)c(C)c1,C=c1ccc(=C)c(C)c1,0.5,0.5,328.0
2,C=CC(=O)OCC,C=CC(=O)OCC,0.5,0.5,251.0
2,OCCCO,O=C(O)c1ccc(C(=O)O)c2ccccc12,0.5,0.5,337.0
2,C=Cc1cc(C)ccc1F,C=Cc1cc(C)ccc1F,0.5,0.5,384.0
2,c1cc(N(CC2CO2)CC2CO2)ccc1Cc1ccc(N(CC2CO2)CC2CO2)cc1,Nc1ccc(N)cc1,0.5,0.5,507.0
2,CC(=O)c1ccc(C(C)=O)cc1,Nc1ccc(Oc2ccc(N)c(C(=O)c3ccccc3)c2)cc1C(=O)c1ccccc1,0.5,0.5,573.0
2,Nc1ccc(C(=O)c2ccc(N)cc2)cc1,O=C1OC(=O)c2cc(Oc3ccc(Sc4ccc(Oc5ccc6c(c5)C(=O)OC6=O)cc4)cc3)ccc21,0.5,0.5,494.0
2,FC(F)=C(F)c1ccccc1,FC(F)=C(F)c1ccccc1,0.5,0.5,475.0
2,C=Cc1ccc(F)cc1,C=Cc1ccc(F)cc1,0.5,0.5,379.0
2,C=Cc1cccc2ccccc12,C=Cc1cccc2ccccc12,0.5,0.5,432.0
2,Nc1ccc(C(=O)c2cccc(N)c2)cc1,O=C1OC(=O)c2cc(C(c3ccc4c(c3)C(=O)OC4=O)(C(F)(F)F)C(F)(F)F)ccc21,0.5,0.5,561.0
2,Nc1ccc(Cc2ccc(N)cc2)cc1,c1cc(OCC2CO2)ccc1OCC1CO1,0.333333,0.666667,408.0
2,C=CCC(C)C,C=CCC(C)C,0.5,0.5,302.0
2,CC(C)(c1ccc(OCC2CO2)cc1)c1ccc(OCC2CO2)cc1,NCCNCCNCCNCCN,0.777778,0.222222,399.0
2,Cc1cccc(C)c1O,Cc1cccc(C)c1O,0.5,0.5,482.0
2,C=CC(=O)OC(F)(F)F,C=CC(=O)OC(F)(F)F,0.5,0.5,319.0
2,C=CCCCCC,C=CCCCCC,0.5,0.5,220.0
2,c1cc(OCC2CO2)ccc1Cc1ccc(OCC2CO2)cc1,Nc1cccc(S(=O)(=O)c2cccc(N)c2)c1,0.666667,0.333333,439.0
2,OCCCO,O=C(O)c1cccc2c(C(=O)O)cccc12,0.5,0.5,344.0
2,CC(C)(c1ccc(OCC2CO2)cc1)c1ccc(OCC2CO2)cc1,NCCCN,0.666667,0.333333,410.0
2,Nc1ccc(-c2ccc(N)c(N)c2)cc1N,O=CC(=O)c1ccc(-c2ccc(-c3ccc(C(=O)C=O)cc3)cc2)cc1,0.5,0.5,578.0
2,Nc1cccc(N)c1,O=C(c1ccc(Oc2ccc3c(c2)C(=O)OC3=O)cc1)c1ccc(Oc2ccc3c(c2)C(=O)OC3=O)cc1,0.5,0.5,512.0
2,NCCCCCCCCCCC(=O)O,NCCCCCCCCCCC(=O)O,0.5,0.5,315.0
2,C=COCCCC,C=COCCCC,0.5,0.5,221.0
2,C=CC(=O)OC(C)CC,C=CC(=O)OC(C)CC,0.5,0.5,253.0
2,O=C(c1ccc(O)cc1)c1ccc(Oc2ccc(O)cc2)cc1,O=C(c1ccc(O)cc1)c1ccc(Oc2ccc(O)cc2)cc1,0.5,0.5,419.0
2,CC(C)(c1ccc(OCC2CO2)cc1)c1ccc(OCC2CO2)cc1,Nc1ccc(C(=O)OCCCOC(=O)c2ccc(N)cc2)cc1,0.666667,0.333333,453.0
2,C=CO,C=COC(O)C(C)C,0.5,0.5,329.0
2,C=Cc1ccc(C(C)(C)C)cc1,C=Cc1ccc(C(C)(C)C)cc1,0.5,0.5,402.0
2,C=Cc1ccc(OC)cc1,C=Cc1ccc(OC)cc1,0.5,0.5,362.0
2,Nc1cc(N)c(N)cc1N,O=C(C(=O)c1cccc(C(=O)C(=O)c2ccccc2)c1)c1ccccc1,0.5,0.5,668.0
2,C=CC(=O)NCCCC,C=CC(=O)NCCCC,0.5,0.5,319.0
2,Nc1ccc(N)cc1,O=C1OC(=O)c2cc(Oc3ccc4c(c3)C(=O)OC4=O)ccc21,0.5,0.5,615.0
2,NCCCCCCCCCCN,O=C(O)CCCCCCCCC(=O)O,0.5,0.5,319.0
2,CC(C)(c1ccc(CO)cc1)c1ccc(OC(=O)O)c(Cl)c1,CC(C)(c1ccc(CO)cc1)c1ccc(OC(=O)O)c(Cl)c1,0.5,0.5,419.0
2,C=CCC1CCCC1,C=CCC1CCCC1,0.5,0.5,333.0
2,NCCCCCCN,O=C(O)CCCCC(=O)O,0.5,0.5,330.0
2,Nc1ccc(C(=O)c2ccc(N)cc2)cc1,O=c1oc(=O)c2cc3c(=O)oc(=O)c3cc12,0.5,0.5,685.0
2,Nc1ccc(N)cc1,O=C(O)c1ccc(C(=O)O)cc1,0.5,0.5,600.0
2,CC(C)(c1ccc(OCC2CO2)cc1)c1ccc(OCC2CO2)cc1,Nc1cccc(S(=O)(=O)c2cccc(N)c2)c1,0.666667,0.333333,465.0
2,Cc1cc(C(C)(C)c2ccc(OC(=O)c3ccc(C(=O)O)cc3)c(C)c2)ccc1O,Cc1cc(C(C)(C)c2ccc(OC(=O)c3ccc(C(=O)O)cc3)c(C)c2)ccc1O,0.5,0.5,444.0
2,C=CC,C=CC,0.5,0.5,233.0
2,C=Cc1ccc(OCCC)cc1,C=Cc1ccc(OCCC)cc1,0.5,0.5,343.0
2,O=C(Cl)Cl,CCCC(C)(c1ccc(O)cc1)c1ccc(O)cc1,0.5,0.5,410.0
2,O=C(Cc1ccccc1)c1ccc(-c2ccc(C(=O)Cc3ccccc3)cc2)cc1,Nc1ccc(Oc2ccc(N)c(C(=O)c3ccccc3)c2)cc1C(=O)c1ccccc1,0.5,0.5,624.0
2,C=COCC(CC)CCCC,C=COCC(CC)CCCC,0.5,0.5,207.0
2,C=CC=C,C=CC=C,0.5,0.5,171.0
2,CC1CCOC(=O)CC1,CC1CCOC(=O)CC1,0.5,0.5,220.0
2,C(CCOCC1CO1)COCC1CO1,Nc1ccc(S(=O)(=O)c2ccc(N)cc2)cc1,0.666667,0.333333,350.0
2,C=C(C)C(=O)OCC(C)(C)C,C=C(C)C(=O)OCC(C)(C)C,0.5,0.5,306.0
2,COCC1CO1,COCC1CO1,0.5,0.5,211.0
2,Oc1cc(-c2ccccc2)c(O)c(-c2ccccc2)c1,Oc1cc(-c2ccccc2)c(O)c(-c2ccccc2)c1,0.5,0.5,493.0
2,CC1CCCC(C)C(=O)O1,CC1CCCC(C)C(=O)O1,0.5,0.5,240.0
2,C=Cc1ccc(C(C)CC)cc1,C=Cc1ccc(C(C)CC)cc1,0.5,0.5,359.0
2,C=CCCC,C=CCCC,0.5,0.5,220.0
2,Nc1ccc(Oc2ccc(N)c(C(=O)c3ccccc3)c2)cc1C(=O)c1ccccc1,O=C(Cc1ccccc1)c1ccc(Oc2ccc(C(=O)Cc3ccccc3)cc2)cc1,0.5,0.5,578.0
2,c1cc(N(CC2CO2)CC2CO2)ccc1Cc1ccc(N(CC2CO2)CC2CO2)cc1,Nc1ccc(Cc2ccc(N)cc2)cc1,0.5,0.5,505.0
2,C=Cc1ccc(OCC)cc1,C=Cc1ccc(OCC)cc1,0.5,0.5,359.0
2,C[Si](=O)c1ccccc1,C[Si](=O)c1ccccc1,0.5,0.5,187.0
2,C[Si](C)=O,C[Si](C)=O,0.5,0.5,152.0
2,O=C(Cl)Cl,CCC(C)(c1ccc(O)c(Cl)c1)c1ccc(O)c(Cl)c1,0.5,0.5,415.0
2,C=C(Cl)C(=O)OCCCC,C=C(Cl)C(=O)OCCCC,0.5,0.5,330.0
2,C=Cc1ccccn1,C=Cc1ccccn1,0.5,0.5,377.0
2,C=CC=CC,C=CC=CC,0.5,0.5,213.0
2,C=COC(C)=O,C=COC(C)=O,0.5,0.5,301.0
2,c1cc(OCC2CO2)ccc1Cc1ccc(OCC2CO2)cc1,CC(N)COCC(C)OCC(C)OCC(C)OCC(C)OCC(C)OCC(C)N,0.666667,0.333333,325.0
2,C=Cc1ccccc1CC,C=Cc1ccccc1CC,0.5,0.5,376.0
2,CCCCCCOCC1CO1,CCCCCCOCC1CO1,0.5,0.5,188.0
2,C=Cc1ccc(Cl)cc1C,C=Cc1ccc(Cl)cc1C,0.5,0.5,418.0
2,FC(F)=C(F)F,FC(F)C1(F)C(F)C1(F)F,0.5,0.5,390.0
2,C=Cc1ccccc1C,C=Cc1ccccc1C,0.5,0.5,409.0
2,O=c1oc(=O)c2cc3c(=O)oc(=O)c3cc12,Nc1cccc(Oc2cccc(Oc3cccc(N)c3)c2)c1,0.5,0.5,494.0
2,CN(C)c1ccc([Si]2(C)CCC2)cc1,CN(C)c1ccc([Si]2(C)CCC2)cc1,0.5,0.5,267.0
2,NCCCCCCCCCCCCN,c1cc(N(CC2CO2)CC2CO2)ccc1OCC1CO1,0.428571,0.571429,386.0
2,C=C(C)c1ccccc1,C=C(C)c1ccccc1,0.5,0.5,409.0
2,CC(C)(c1ccc(OCC2CO2)cc1)c1ccc(OCC2CO2)cc1,NCCNCCN,0.714286,0.285714,418.0
2,C=Cc1ccc(Br)cc1,C=Cc1ccc(Br)cc1,0.5,0.5,417.0
2,CC(C)(c1ccc(OCC2CO2)cc1)c1ccc(OCC2CO2)cc1,NCCCCN,0.666667,0.333333,392.0
2,O=C(Cl)Cl,CC(C)(c1c(Br)cc(O)cc1Br)c1c(Br)cc(O)cc1Br,0.5,0.5,523.0
2,CC(=O)c1ccc(-c2ccc(C(C)=O)cc2)cc1,Nc1ccc(Oc2ccc(N)c(C(=O)c3ccccc3)c2)cc1C(=O)c1ccccc1,0.5,0.5,581.0
2,O=C(Cl)Cl,CC(C)(c1ccc(O)c(Cl)c1)c1ccc(O)c(Cl)c1,0.5,0.5,419.0
2,c1cc(N(CC2CO2)CC2CO2)ccc1Cc1ccc(N(CC2CO2)CC2CO2)cc1,N#CNC(=N)N,0.5,0.5,531.0
2,C=Cc1ccc(C)cc1C,C=Cc1ccc(C)cc1C,0.5,0.5,385.0
2,CC(C)(c1ccc(OCC2CO2)cc1)c1ccc(OCC2CO2)cc1,Nc1ccccc1,0.5,0.5,358.0
2,C=c1ccc(=C)c(Cl)c1,C=c1ccc(=C)c(Cl)c1,0.5,0.5,353.0
2,Nc1cccc(N)c1,O=C1OC(=O)c2cc(Oc3ccc(-c4ccc(Oc5ccc6c(c5)C(=O)OC6=O)cc4)cc3)ccc21,0.5,0.5,520.0
2,C=Cc1ccc(OCCCC)cc1,C=Cc1ccc(OCCCC)cc1,0.5,0.5,320.0
2,CC(C)(c1ccc(OCC2CO2)cc1)c1ccc(OCC2CO2)cc1,NCCNCCNCCN,0.75,0.25,415.0
2,C=Cc1cc(C(C)(C)C)ccc1C,C=Cc1cc(C(C)(C)C)ccc1C,0.5,0.5,360.0
2,CC(C)(c1ccc(OCC2CO2)cc1)c1ccc(OCC2CO2)cc1,CC(C)(N)C1CCC(N)(N)CC1,0.75,0.25,429.5
2,C=Cc1ccc(C(=O)OC)cc1,C=Cc1ccc(C(=O)OC)cc1,0.5,0.5,386.0
2,C=C(Cl)C(=O)OC1CCCCC1,C=C(Cl)C(=O)OC1CCCCC1,0.5,0.5,387.0
2,C=CF,C=CF,0.5,0.5,233.0
2,CC(C)(c1ccc(OCC2CO2)cc1)c1ccc(OCC2CO2)cc1,CCc1cc(Cc2cc(CC)c(N)c(CC)c2Cl)c(Cl)c(CC)c1N,0.666667,0.333333,445.0
2,C=C(C)C(=O)OC(C)C,C=C(C)C(=O)OC(C)C,0.5,0.5,327.0
2,OCCO,O=C(O)CCC(=O)O,0.5,0.5,272.0
2,C=C(Cl)C(=O)OCC,C=C(Cl)C(=O)OCC,0.5,0.5,366.0
2,Nc1ccc(C(=O)c2ccc(N)cc2)cc1,O=C1OC(=O)c2cc(C(c3ccc4c(c3)C(=O)OC4=O)(C(F)(F)F)C(F)(F)F)ccc21,0.5,0.5,584.0
2,CC(C)(c1ccc(OCC2CO2)cc1)c1ccc(OCC2CO2)cc1,CCCCN,0.5,0.5,329.0
2,C=CCC1CCCCC1,C=CCC1CCCCC1,0.5,0.5,348.0
2,Nc1ccc(C(=O)c2cccc(N)c2)cc1,O=C1OC(=O)c2cc(Oc3ccc(Sc4ccc(Oc5ccc6c(c5)C(=O)OC6=O)cc4)cc3)ccc21,0.5,0.5,486.0
2,NCCCCCCC(=O)O,NCCCCCCC(=O)O,0.5,0.5,330.0
2,CC(=O)c1ccc(Oc2ccc(C(C)=O)cc2)cc1,Nc1ccccc1C(=O)c1ccc(Oc2ccc(C(=O)c3ccccc3N)cc2)cc1,0.5,0.5,599.0
2,NCCCCCCN,c1cc(OCC2CO2)ccc1Cc1ccc(OCC2CO2)cc1,0.333333,0.666667,367.0
2,Nc1cccc(N)c1,c1cc(OCC2CO2)cc(OCC2CO2)c1,0.333333,0.666667,413.0
2,O=C(Cl)Cl,Oc1ccc(C2(c3ccc(O)cc3)CC3CC2C2CCCC32)cc1,0.5,0.5,520.0
2,CC(C)(c1ccc(OCC2CO2)cc1)c1ccc(OCC2CO2)cc1,CC1CC(N)CC(C)(C)C1,0.5,0.5,357.0
2,C1CCCCOCCC1,C1CCCCOCCC1,0.5,0.5,203.0
2,C=C(C)C(=O)OC1CCCCC1,C=C(C)C(=O)OC1CCCCC1,0.5,0.5,377.0
2,O=C(Cl)Cl,CC(c1ccc(O)cc1)c1ccc(O)cc1,0.5,0.5,403.0
2,Nc1ccc(N)cc1,O=C(c1ccc2c(c1)C(=O)OC2=O)c1ccc2c(c1)C(=O)OC2=O,0.5,0.5,606.0
2,C=COC(C)C,C=COC(C)C,0.5,0.5,270.0
2,CC(C)(c1ccc(OCC2CO2)cc1)c1ccc(OCC2CO2)cc1,Nc1ccc(Oc2ccc(S(=O)(=O)c3ccc(Oc4ccc(N)cc4)cc3)cc2)cc1,0.666667,0.333333,456.0
2,C=CO,C=COC(O)CCC,0.5,0.5,324.0
2,O=C(Cl)Cl,Oc1ccc(C(c2ccc(O)cc2)(C(F)(F)F)C(F)(F)F)cc1,0.5,0.5,449.0
2,NCCNCCN,C(COCC1CO1)OCC1CO1,0.285714,0.714286,273.0
2,C=C(F)F,C=C(F)F,0.5,0.5,233.0
2,C=CC(=O)OCC(C)C,C=CC(=O)OCC(C)C,0.5,0.5,249.0
2,C=C(C)C(=O)OCCCCCCCC,C=C(C)C(=O)OCCCCCCCC,0.5,0.5,253.0
2,C=Cc1cc(C)ccc1C,C=Cc1cc(C)ccc1C,0.5,0.5,416.0
2,O=C(O)CCCC(=O)O,Nc1cccc(OCC(O)COc2cccc(N)c2)c1,0.5,0.5,384.0
2,C=C(C)C,C=C(C)C,0.5,0.5,199.0
2,C=CCCCC,C=CCCCC,0.5,0.5,220.0
2,FC(F)=C(F)c1c(F)c(F)c(F)c(F)c1F,FC(F)=C(F)c1c(F)c(F)c(F)c(F)c1F,0.5,0.5,467.0
2,C=[Si](C)C,C=[Si](C)C,0.5,0.5,173.0
2,Nc1ccc(C2(c3ccc(N)cc3)OC(=O)c3ccccc32)cc1,O=C(O)c1ccc(C2(c3ccc(C(=O)O)cc3)OC(=O)c3ccccc32)cc1,0.5,0.5,658.0
2,OCCO,O=C(O)CCCCCCCC(=O)O,0.5,0.5,228.0
2,C=CCCC1CCCCC1,C=CCCC1CCCCC1,0.5,0.5,313.0
2,C=CC(=C)Br,C=CC(=C)Br,0.5,0.5,241.0
2,C=c1ccc(=C)c(C#N)c1,C=c1ccc(=C)c(C#N)c1,0.5,0.5,363.0
2,C=Cc1ccccc1OCCCCCCCC,C=Cc1ccccc1OCCCCCCCC,0.5,0.5,286.0
2,C=CC(=C)C,C=CC(=C)C,0.5,0.5,203.0
2,Nc1cccc(S(=O)(=O)c2cccc(N)c2)c1,c1cc(OCC2CO2)cc(OCC2CO2)c1,0.333333,0.666667,418.0
2,C=CN1CCCC1=O,C=CN1CCCC1=O,0.5,0.5,418.0
2,C=C(C)C(=O)OCCCl,C=C(C)C(=O)OCCCl,0.5,0.5,365.0
2,C=Cc1ccc(Cl)c(Cl)c1,C=Cc1ccc(Cl)c(Cl)c1,0.5,0.5,401.0
2,NCCCCCCCC(=O)O,NCCCCCCCC(=O)O,0.5,0.5,324.0
2,C=CC(=O)OC(C)(C)C,C=CC(=O)OC(C)(C)C,0.5,0.5,315.0
2,OCCC1C=CC(O)C=C1,O=C(O)c1ccc(C(=O)O)cc1,0.5,0.5,368.0
2,C=COCCCCCCCC,C=COCCCCCCCC,0.5,0.5,194.0
2,C=Cc1ccncc1,C=Cc1ccncc1,0.5,0.5,415.0
2,CC(C)(c1ccc(OCC2CO2)cc1)c1ccc(OCC2CO2)cc1,NC1CCC(CC2CCC(N)CC2)CC1,0.666667,0.333333,451.0
2,c1cc(OCC2CO2)ccc1Cc1ccc(OCC2CO2)cc1,Nc1ccc(S(=O)(=O)c2ccc(N)cc2)cc1,0.666667,0.333333,463.0
2,c1cc(OCC2CO2)ccc1Cc1ccc(OCC2CO2)cc1,Nc1ccc(Cc2ccc(N)cc2)cc1,0.666667,0.333333,430.0
2,Cc1cc(C(C)(C)c2ccc(-c3cc(C)c(OC(=O)c4ccc(C(=O)O)cc4)c(C)c3)cc2)cc(C)c1O,Cc1cc(C(C)(C)c2ccc(-c3cc(C)c(OC(=O)c4ccc(C(=O)O)cc4)c(C)c3)cc2)cc(C)c1O,0.5,0.5,498.0
2,Sc1ccccc1,Sc1ccccc1,0.5,0.5,360.0
2,NCCCCCCCCCCCC(=O)O,NCCCCCCCCCCCC(=O)O,0.5,0.5,310.0
2,NCCCCCCCCCCCCN,c1cc(OCC2CO2)cc(OCC2CO2)c1,0.333333,0.666667,334.0
2,C=Cc1cccc(C)c1,C=Cc1cccc(C)c1,0.5,0.5,374.0
2,C=CC(=C)C(C)C,C=CC(=C)C(C)C,0.5,0.5,221.0
2,C=COC(=O)CCl,C=COC(=O)CCl,0.5,0.5,304.0
2,Nc1cc(N)c(N)cc1N,O=C(C(=O)c1ccc(C(=O)C(=O)c2ccccc2)cc1)c1ccccc1,0.5,0.5,668.0
2,Nc1cc(N)c(N)cc1N,O=CC(=O)c1ccc(Oc2ccc(C(=O)C=O)cc2)cc1,0.5,0.5,626.0
2,ClCC1(CCl)COC1,ClCC1(CCl)COC1,0.5,0.5,265.0
2,Nc1cccc(C(=O)c2cccc(N)c2)c1,O=C1OC(=O)c2cc(C(c3ccc4c(c3)C(=O)OC4=O)(C(F)(F)F)C(F)(F)F)ccc21,0.5,0.5,533.0
2,C=COC(=O)C(F)(F)F,C=COC(=O)C(F)(F)F,0.5,0.5,319.0
2,Nc1cccc(N)c1,c1cc(OCC2CO2)ccc1OCC1CO1,0.333333,0.666667,416.0
2,C=Cn1c2ccccc2c2ccccc21,C=Cn1c2ccccc2c2ccccc21,0.5,0.5,423.0
2,C[Si](c1ccccc1)=[Si](C)c1ccccc1,C[Si](c1ccccc1)=[Si](C)c1ccccc1,0.5,0.5,390.0
2,CC(C)(c1ccc(OCC2CO2)cc1)c1ccc(OCC2CO2)cc1,NCCCCCCN,0.666667,0.333333,380.0
2,C[Si]1(C)CCC1,C[Si]1(C)CCC1,0.5,0.5,203.0
2,C=C(Cl)C(=O)OCCC,C=C(Cl)C(=O)OCCC,0.5,0.5,344.0
2,O=C(Cl)Cl,Oc1ccc(C(c2ccc(O)cc2)(C(F)(F)Cl)C(F)(F)Cl)cc1,0.5,0.5,457.0
2,NCCCCN,c1cc(N(CC2CO2)CC2CO2)ccc1OCC1CO1,0.428571,0.571429,410.0
2,CC(C)(c1ccc(OCC2CO2)cc1)c1ccc(OCC2CO2)cc1,NCCN,0.666667,0.333333,383.0
2,Nc1ccc(Oc2ccc(N)cc2)cc1,O=C(O)c1ccc(C2(c3ccc(C(=O)O)cc3)OC(=O)c3ccccc32)cc1,0.5,0.5,593.0
2,O=C(Cl)Cl,Oc1ccc(C(=C(Cl)Cl)c2ccc(O)cc2)cc1,0.5,0.5,430.0
2,O=CC(=O)c1ccc(C(=O)C=O)cc1,Nc1ccc(S(=O)(=O)c2ccc(N)c(N)c2)cc1N,0.5,0.5,615.0
2,OCCO,O=C(O)CCCCCCCCC(=O)O,0.5,0.5,243.0
2,C(CCOCC1CO1)COCC1CO1,Nc1ccc(Cc2ccc(N)cc2)cc1,0.666667,0.333333,355.0
2,CC[Si](=O)CC,CC[Si](=O)CC,0.5,0.5,130.0
2,C[Si](C)=N,C[Si](C)=N,0.5,0.5,191.0
2,C=CSC,C=CSC,0.5,0.5,272.0
2,C=Cc1ccc(Cl)cc1,C=Cc1ccc(Cl)cc1,0.5,0.5,389.0
2,OCCCO,O=C(O)c1ccc2c(C(=O)O)cccc2c1,0.5,0.5,397.0
2,C=C(C)C(=O)OCCCC,C=C(C)C(=O)OCCCC,0.5,0.5,293.0
2,CC(C)(c1ccc(OCC2CO2)cc1)c1ccc(OCC2CO2)cc1,Nc1ccc(Cc2ccc(N)cc2)cc1,0.666667,0.333333,451.0
2,C=Cc1ccc(Cl)c(C)c1,C=Cc1ccc(Cl)c(C)c1,0.5,0.5,387.0
2,O=CC(=O)c1ccc(C(=O)C=O)cc1,Nc1ccc(Oc2ccc(N)c(N)c2)cc1N,0.5,0.5,579.0
2,C=CC=C,C=CC=C,0.5,0.5,269.0
2,C=c1ccc(=C)c(Br)c1,C=c1ccc(=C)c(Br)c1,0.5,0.5,353.0
2,NCCCCCCN,c1cc(OCC2CO2)cc(OCC2CO2)c1,0.333333,0.666667,352.0
2,C=CC1CCCCC1,C=CC1CCCCC1,0.5,0.5,363.0
2,CC(C)(c1ccc(OCC2CO2)cc1)c1ccc(OCC2CO2)cc1,NCCN1CCNCC1,0.6,0.4,383.0
2,C=Cc1ccccc1Cl,C=Cc1ccccc1Cl,0.5,0.5,392.0
2,C=C(F)C(F)(F)F,C=C(F)C(F)(F)F,0.5,0.5,315.0
2,Nc1ccc(N)cc1,O=C(O)c1ccc2c(c1)C(=O)OC2=O,0.5,0.5,550.0
2,C=C(C)C(=O)OC(C)CC,C=C(C)C(=O)OC(C)CC,0.5,0.5,330.0
2,C=C(C)C#N,C=C(C)C#N,0.5,0.5,393.0
2,O=C(Cl)Cl,Oc1ccc(C2(c3ccc(O)cc3)CCCCC2)cc1,0.5,0.5,444.0
2,C[Si](=O)CCC(F)(F)F,C[Si](=O)CCC(F)(F)F,0.5,0.5,199.0
2,Nc1cccc(N)c1,O=C1OC(=O)c2cc(Oc3ccc(Oc4ccc(Oc5ccc6c(c5)C(=O)OC6=O)cc4)cc3)ccc21,0.5,0.5,500.0
2,C=Cc1ccc(COCCC)cc1,C=Cc1ccc(COCCC)cc1,0.5,0.5,295.0
2,C=Cc1ccc(C)cc1,C=Cc1ccc(C)cc1,0.5,0.5,374.0
2,OCCCCO,O=C(O)CCCCC(=O)O,0.5,0.5,205.0
2,C1CO1,C1CO1,0.5,0.5,206.0
2,c1cc(N(CC2CO2)CC2CO2)ccc1OCC1CO1,Nc1ccc(Cc2ccc(N)cc2)cc1,0.571429,0.428571,494.0
2,C=Cc1ccccc1,C=Cc1ccccc1,0.5,0.5,373.0
2,c1cc(OCC2CO2)ccc1Cc1ccc(OCC2CO2)cc1,NCCCN,0.666667,0.333333,386.0
2,CC(=O)c1cccc(C(C)=O)c1,Nc1ccccc1C(=O)c1ccc(Oc2ccc(C(=O)c3ccccc3N)cc2)cc1,0.5,0.5,541.0
2,CCCCOCC1CO1,CCCCOCC1CO1,0.5,0.5,194.0
2,C=CC1CCCC1,C=CC1CCCC1,0.5,0.5,348.0
2,Oc1cccc(O)c1,O=C(O)c1cccc(C(=O)O)c1,0.5,0.5,411.0
2,OC(COCC1CO1)COCC1CO1,CC1(C)CC(N)CC(C)(CN)C1,0.666667,0.333333,338.5
2,C=CC(F)(F)F,C=CC(F)(F)F,0.5,0.5,300.0
2,O=C(Cl)Cl,Cc1cc(C(C)(C)c2cc(C)c(O)c(C)c2)cc(C)c1O,0.5,0.5,473.0
2,C=CC(=O)OC(C)CCCCCC,C=CC(=O)OC(C)CCCCCC,0.5,0.5,228.0
2,OCCO,O=C(O)c1cccc(C(=O)O)c1,0.5,0.5,324.0
2,NCCCCCCN,O=C(O)c1cccc(C(=O)O)c1,0.5,0.5,403.0
2,O=C(Cl)Cl,CCCC(CCC)(c1ccc(O)cc1)c1ccc(O)cc1,0.5,0.5,421.0
2,C=Cc1ccc(-c2ccccc2)cc1,C=Cc1ccc(-c2ccccc2)cc1,0.5,0.5,411.0
2,C=C(C)C(=O)OCCC,C=C(C)C(=O)OCCC,0.5,0.5,306.0
2,C=CO,C=COCO,0.5,0.5,378.0
2,C=CC#N,C=CC#N,0.5,0.5,378.0
2,OCCO,O=C(O)CCCCC(=O)O,0.5,0.5,233.0
2,C=CO,C=COC(C)O,0.5,0.5,355.0
2,O=C1OC(c2ccc(O)cc2)(c2ccc(O)cc2)c2ccccc21,O=C(O)c1ccc(C2(c3ccc(C(=O)O)cc3)OC(=O)c3ccccc32)cc1,0.5,0.5,583.0
2,C=C(C)C(=O)OC(C)(C)C,C=C(C)C(=O)OC(C)(C)C,0.5,0.5,380.0
2,C=CO,C=COC(O)CC,0.5,0.5,345.0
2,C=COCC(C)C,C=COCC(C)C,0.5,0.5,251.0
2,C1COC1,C1COC1,0.5,0.5,195.0
2,c1ccc(OCC2CO2)cc1,c1ccc(OCC2CO2)cc1,0.5,0.5,315.0
2,C=CC(=O)OCCCCCCCC,C=CC(=O)OCCCCCCCC,0.5,0.5,208.0
2,O=Cc1ccc(C=O)cc1,NN=C(Nc1ccccc1)c1cccc(C(=NN)Nc2ccccc2)c1,0.5,0.5,543.0
2,C=Cc1ccc(OC)cc1C,C=Cc1ccc(OC)cc1C,0.5,0.5,363.0
2,C=Cc1ccc(COC)cc1,C=Cc1ccc(COC)cc1,0.5,0.5,350.0
2,C=Cc1ccc(Cl)cc1Cl,C=Cc1ccc(Cl)cc1Cl,0.5,0.5,406.0
2,CC(C)(c1ccc(OCC2CO2)cc1)c1ccc(OCC2CO2)cc1,CC(C)(c1ccc(Oc2ccc(N)cc2)cc1)c1ccc(Oc2ccc(N)cc2)cc1,0.666667,0.333333,442.0
2,CC(=O)c1ccc(Oc2ccc(C(C)=O)cc2)cc1,Nc1ccc(Oc2ccc(N)c(C(=O)c3ccccc3)c2)cc1C(=O)c1ccccc1,0.5,0.5,539.0
2,C=C(C)C(=O)OCCC(C)(C)C,C=C(C)C(=O)OCCC(C)(C)C,0.5,0.5,318.0
2,C=C(C)C(=O)OCCCCCCCCCCCC,C=C(C)C(=O)OCCCCCCCCCCCC,0.5,0.5,218.0
2,c1cc(OCC2CO2)ccc1Cc1ccc(OCC2CO2)cc1,NC1CCC(CC2CCC(N)CC2)CC1,0.666667,0.333333,413.0
2,O=C(Cl)Cl,Oc1ccc(-c2ccccc2Cc2ccccc2-c2ccc(O)cc2)cc1,0.5,0.5,548.0
2,C=COCC,C=COCC,0.5,0.5,254.0
2,OCCO,O=C(O)c1ccc(C(=O)O)cc1,0.5,0.5,345.0
2,C=C,C=C,0.5,0.5,195.0
2,O=C(Cc1ccccc1)c1ccc(C(=O)Cc2ccccc2)cc1,Nc1ccc(Oc2ccc(N)c(C(=O)c3ccccc3)c2)cc1C(=O)c1ccccc1,0.5,0.5,618.0
2,FC(F)=C(F)C(F)(F)F,FC(F)=C(F)C(F)(F)F,0.5,0.5,425.0
2,CC(C)(c1ccc(OCC2CO2)cc1)c1ccc(OCC2CO2)cc1,CC(N)COCC(C)OCC(C)OCC(C)N,0.666667,0.333333,372.0
2,Nc1cccc(S(=O)(=O)c2cccc(N)c2)c1,c1cc(OCC2CO2)ccc1OCC1CO1,0.333333,0.666667,423.0
2,O=C(Cl)Cl,CCC(C)(c1ccc(O)c(C)c1)c1ccc(O)c(C)c1,0.5,0.5,392.0
2,Nc1ccccc1C(=O)c1ccc(Oc2ccc(C(=O)c3ccccc3N)cc2)cc1,O=C(Cc1ccccc1)c1ccc(Oc2ccc(C(=O)Cc3ccccc3)cc2)cc1,0.5,0.5,618.0
2,c1cc(N(CC2CO2)CC2CO2)ccc1OCC1CO1,Nc1ccc(S(=O)(=O)c2ccc(N)cc2)cc1,0.571429,0.428571,523.0
2,NCc1ccc(CN)cc1,O=C(O)CCCCCCCCC(=O)O,0.5,0.5,388.0
2,c1cc(N(CC2CO2)CC2CO2)ccc1Cc1ccc(N(CC2CO2)CC2CO2)cc1,Nc1ccc(S(=O)(=O)c2ccc(N)cc2)cc1,0.5,0.5,524.0
2,O=C(O)CCCCC(=O)O,OCCCCCCCCCCO,0.5,0.5,217.0
2,C=CC(=C)Cl,C=CC(=C)Cl,0.5,0.5,225.0
2,C=CC(=O)OC(CC)CC,C=CC(=O)OC(CC)CC,0.5,0.5,257.0
2,C=COCCCCC,C=COCCCCC,0.5,0.5,207.0
2,O=CC(=O)c1ccc(C(=O)C=O)cc1,Nc1ccc(C(=O)c2ccc(N)c(N)c2)cc1N,0.5,0.5,591.0
2,C=C(C)C(=O)OCC(C)C,C=C(C)C(=O)OCC(C)C,0.5,0.5,321.0
2,NCCCCCCN,O=C1OC(=O)c2cc(Oc3ccc(Oc4ccc(Oc5ccc6c(c5)C(=O)OC6=O)cc4)cc3)ccc21,0.5,0.5,401.0
2,C=c1ccc(=C)c(CC)c1,C=c1ccc(=C)c(CC)c1,0.5,0.5,298.0
2,C=c1cc(C)c(=C)cc1C,C=c1cc(C)c(=C)cc1C,0.5,0.5,373.0
2,O=C(Cl)Cl,CCC(C)(c1ccc(O)cc1)c1ccc(O)cc1,0.5,0.5,407.0
